id,created_at,updated_at,created_by,updated_by,name,sku,quantity,item_price,total_price,promotional_item_price,total_promotional_price,status,product_id
26,2023-11-18 15:43:48,2023-12-29 02:18:03,,,Kiện,GAEP3469-1,5,23000,115000,,,ACTIVE,17
27,2023-11-18 15:43:48,2023-12-29 02:18:03,,,Kiện,GAEP3469-2,20,20000,400000,,,ACTIVE,17
28,2023-11-18 15:43:48,2023-12-29 02:18:03,,,Bịch,GLT2655-1,10,15000,150000,,,ACTIVE,18
29,2023-11-18 15:43:48,2023-12-29 02:18:03,,,Cây,GLT2655-2,100,11000,1100000,,,ACTIVE,18
30,2023-11-18 15:43:48,2023-12-29 02:18:03,,,Bịch,GLP1T943-1,5,20000,100000,,,ACTIVE,19
31,2023-11-18 15:43:48,2023-12-29 02:18:03,,,Thùng,GLP1T943-2,50,18000,900000,,,ACTIVE,19
32,2023-11-18 15:43:48,2023-12-29 02:18:03,,,Bịch,GRS1176-1,1,60000,60000,,,ACTIVE,20
33,2023-11-18 15:43:48,2023-12-29 02:18:03,,,Kiện,GRS1176-2,5,48000,240000,,,ACTIVE,20
34,2023-11-18 15:43:48,2023-12-29 02:18:03,,,Bịch,GVSCL7473-1,3,38000,114000,,,ACTIVE,21
35,2023-11-18 15:43:48,2023-12-29 02:18:03,,,Kiện,GVSCL7473-2,50,28000,1400000,,,ACTIVE,21
36,2023-11-18 15:43:48,2023-12-29 02:18:03,,,Bịch,GVSCN7237-1,10,4000,40000,,,ACTIVE,22
37,2023-11-18 15:43:48,2023-12-29 02:18:03,,,Cây,GVSCN7237-2,100,2800,280000,,,ACTIVE,22
38,2023-11-18 15:43:48,2023-12-29 02:18:03,,,Hộp,HĐGVSCL7202-1,1,250000,250000,,,ACTIVE,23
39,2023-11-18 15:43:48,2023-12-29 02:18:03,,,Kiện,HĐGVSCL7202-2,5,220000,1100000,,,ACTIVE,23
40,2023-11-18 15:43:48,2023-12-29 02:18:03,,,Bịch,KGLP2T113-1,5,30000,150000,,,ACTIVE,24
41,2023-11-18 15:43:48,2023-12-29 02:18:03,,,Thùng,KGLP2T113-2,36,22000,792000,,,ACTIVE,24
42,2023-11-18 15:43:48,2023-12-29 02:18:03,,,Can,NRTS835-1,1,150000,150000,,,ACTIVE,25
43,2023-11-18 15:43:48,2023-12-29 02:18:03,,,Kiện,NRTS835-2,5,140000,700000,,,ACTIVE,25
44,2023-11-18 15:43:48,2023-12-29 02:18:03,,,Lốc,TRC4-Đ626-1,1,30000,30000,,,ACTIVE,26
45,2023-11-18 15:43:48,2023-12-29 02:18:03,,,Kiện,TRC4-Đ626-2,25,25000,625000,,,ACTIVE,26
46,2023-11-18 15:43:48,2023-12-29 02:18:03,,,Lốc,TRC4-M902-1,1,30000,30000,,,ACTIVE,27
47,2023-11-18 15:43:48,2023-12-29 02:18:03,,,Kiện,TRC4-M902-2,25,25000,625000,,,ACTIVE,27
48,2023-11-18 15:43:48,2023-12-29 02:18:03,,,Lốc,TRC5-Đ440-1,1,30000,30000,,,ACTIVE,28
49,2023-11-18 15:43:48,2023-12-29 02:18:03,,,Kiện,TRC5-Đ440-2,25,25000,625000,,,ACTIVE,28
50,2023-11-18 15:43:48,2023-12-29 02:18:03,,,Lốc,TRC5-M181-1,1,30000,30000,,,ACTIVE,29
51,2023-11-18 15:43:48,2023-12-29 02:18:03,,,Kiện,TRC5-M181-2,25,25000,625000,,,ACTIVE,29
52,2023-11-18 15:43:48,2023-12-29 02:18:03,,,Lốc,TRC6-Đ110-1,1,30000,30000,,,ACTIVE,30
53,2023-11-18 15:43:48,2023-12-29 02:18:03,,,Kiện,TRC6-Đ110-2,25,25000,625000,,,ACTIVE,30
54,2023-11-18 15:43:48,2023-12-29 02:18:03,,,Lốc,TRC6-M954-1,1,30000,30000,,,ACTIVE,31
55,2023-11-18 15:43:48,2023-12-29 02:18:03,,,Kiện,TRC6-M954-2,25,25000,625000,,,ACTIVE,31
56,2023-11-18 15:43:48,2023-12-29 02:18:03,,,Lốc,TRC7-M253-1,1,30000,30000,,,ACTIVE,32
57,2023-11-18 15:43:48,2023-12-29 02:18:03,,,Kiện,TRC7-M253-2,25,25000,625000,,,ACTIVE,32
58,2023-11-18 15:43:48,2023-12-29 02:18:03,,,Lốc,TRĐ1-6-7CK267-1,1,40000,40000,,,ACTIVE,33
59,2023-11-18 15:43:48,2023-12-29 02:18:03,,,Kiện,TRĐ1-6-7CK267-2,25,32000,800000,,,ACTIVE,33
60,2023-11-18 15:43:48,2023-12-29 02:18:03,,,Lốc,TRĐ7-1-2CK948-1,1,35000,35000,,,ACTIVE,34
61,2023-11-18 15:43:48,2023-12-29 02:18:03,,,Kiện,TRĐ7-1-2CK948-2,25,30000,750000,,,ACTIVE,34
62,2023-11-18 15:43:48,2023-12-29 02:18:03,,,Lốc,TRĐ8-1-1CK155-1,1,35000,35000,,,ACTIVE,35
63,2023-11-18 15:43:48,2023-12-29 02:18:03,,,Kiện,TRĐ8-1-1CK155-2,25,30000,750000,,,ACTIVE,35
64,2023-11-18 15:43:48,2023-12-29 02:18:03,,,Lốc,TRĐ9-8-CK468-1,1,35000,35000,,,ACTIVE,36
65,2023-11-18 15:43:48,2023-12-29 02:18:03,,,Kiện,TRĐ9-8-CK468-2,25,30000,750000,,,ACTIVE,36
66,2023-11-18 15:43:48,2023-12-29 02:18:03,,,Lốc,LGT1-4527-1,50,520,26000,,,ACTIVE,37
67,2023-11-18 15:43:48,2023-12-29 02:18:03,,,Thùng,LGT1-4527-2,1000,400,400000,,,ACTIVE,37
68,2023-11-18 15:43:48,2023-12-29 02:18:03,,,Lốc,LGT1-6533-1,50,590,29500,,,ACTIVE,38
69,2023-11-18 15:43:48,2023-12-29 02:18:03,,,Thùng,LGT1-6533-2,1000,450,450000,,,ACTIVE,38
70,2023-11-18 15:43:48,2023-12-29 02:18:03,,,Lốc,LGT2-9754-1,50,850,42500,,,ACTIVE,39
71,2023-11-18 15:43:48,2023-12-29 02:18:03,,,Thùng,LGT2-9754-2,1000,650,650000,,,ACTIVE,39
72,2023-11-18 15:43:48,2023-12-29 02:18:03,,,Lốc,LGT3-1O372-1,25,1000,25000,,,ACTIVE,40
73,2023-11-18 15:43:48,2023-12-29 02:18:03,,,Thùng,LGT3-1O372-2,500,750,375000,,,ACTIVE,40
74,2023-11-18 15:43:48,2023-12-29 02:18:03,,,Lốc,LGT4-1460-1,25,1080,27000,,,ACTIVE,41
75,2023-11-18 15:43:48,2023-12-29 02:18:03,,,Thùng,LGT4-1460-2,500,830,415000,,,ACTIVE,41
76,2023-11-18 15:43:48,2023-12-29 02:18:03,,,Lốc,LGT4-1110-1,25,1100,27500,,,ACTIVE,42
77,2023-11-18 15:43:48,2023-12-29 02:18:03,,,Thùng,LGT4-1110-2,500,850,425000,,,ACTIVE,42
78,2023-11-18 15:43:48,2023-12-29 02:18:03,,,Lốc,LGT6-2480-1,25,1235,30875,,,ACTIVE,43
79,2023-11-18 15:43:48,2023-12-29 02:18:03,,,Thùng,LGT6-2480-2,500,950,475000,,,ACTIVE,43
80,2023-11-18 15:43:48,2023-12-29 02:18:03,,,Lốc,LGK2-9DW453-1,25,1500,37500,,,ACTIVE,44
81,2023-11-18 15:43:48,2023-12-29 02:18:03,,,Thùng,LGK2-9DW453-2,1000,1000,1000000,,,ACTIVE,44
82,2023-11-18 15:43:48,2023-12-29 02:18:03,,,Lốc,LGK3-1DW723-1,25,1800,45000,,,ACTIVE,45
83,2023-11-18 15:43:48,2023-12-29 02:18:03,,,Thùng,LGK3-1DW723-2,1000,1250,1250000,,,ACTIVE,45
84,2023-11-18 15:43:48,2023-12-29 02:18:03,,,Lốc,LGK4-1DW480-1,25,2250,56250,,,ACTIVE,46
85,2023-11-18 15:43:48,2023-12-29 02:18:03,,,Thùng,LGK4-1DW480-2,1000,1500,1500000,,,ACTIVE,46
86,2023-11-18 15:43:48,2023-12-29 02:18:03,,,Lốc,LGK2-8RW674-1,50,2700,135000,,,ACTIVE,47
87,2023-11-18 15:43:48,2023-12-29 02:18:03,,,Thùng,LGK2-8RW674-2,500,1800,900000,,,ACTIVE,47
88,2023-11-18 15:43:48,2023-12-29 02:18:03,,,Lốc,LGK3-1RW348-1,25,2550,63750,,,ACTIVE,48
89,2023-11-18 15:43:48,2023-12-29 02:18:03,,,Thùng,LGK3-1RW348-2,500,1950,975000,,,ACTIVE,48
90,2023-11-18 15:43:48,2023-12-29 02:18:03,,,Lốc,LGK4-1RW546-1,25,3500,87500,,,ACTIVE,49
91,2023-11-18 15:43:48,2023-12-29 02:18:03,,,Thùng,LGK4-1RW546-2,500,2300,1150000,,,ACTIVE,49
92,2023-11-18 15:43:48,2023-12-29 02:18:03,,,Lốc,NLG9-PĐØCN-V943-1,50,500,25000,,,ACTIVE,50
93,2023-11-18 15:43:48,2023-12-29 02:18:03,,,Thùng,NLG9-PĐØCN-V943-2,1000,300,300000,,,ACTIVE,50
94,2023-11-18 15:43:48,2023-12-29 02:18:03,,,Lốc,NLG9-PTØCN423-1,50,450,22500,,,ACTIVE,51
95,2023-11-18 15:43:48,2023-12-29 02:18:03,,,Thùng,NLG9-PTØCN423-2,1000,300,300000,,,ACTIVE,51
96,2023-11-18 15:43:48,2023-12-29 02:18:03,,,Lốc,NLG9-PĐØCN-T298-1,50,450,22500,,,ACTIVE,52
97,2023-11-18 15:43:48,2023-12-29 02:18:03,,,Thùng,NLG9-PĐØCN-T298-2,1000,300,300000,,,ACTIVE,52
98,2023-11-18 15:43:48,2023-12-29 02:18:03,,,Lốc,NLG111-PØC369-1,50,365,18250,,,ACTIVE,53
99,2023-11-18 15:43:48,2023-12-29 02:18:03,,,Thùng,NLG111-PØC369-2,1000,280,280000,,,ACTIVE,53
100,2023-11-18 15:43:48,2023-12-29 02:18:03,,,Lốc,NLG1112-PØB401-1,100,300,30000,,,ACTIVE,54
101,2023-11-18 15:43:48,2023-12-29 02:18:03,,,Thùng,NLG1112-PØB401-2,2000,200,400000,,,ACTIVE,54
102,2023-11-18 15:43:48,2023-12-29 02:18:03,,,Lốc,NLG111-PTØCN899-1,50,450,22500,,,ACTIVE,55
103,2023-11-18 15:43:48,2023-12-29 02:18:03,,,Thùng,NLG111-PTØCN899-2,1000,300,300000,,,ACTIVE,55
104,2023-11-18 15:43:48,2023-12-29 02:18:03,,,Lốc,NLG111-PĐØCN-T952-1,50,450,22500,,,ACTIVE,56
105,2023-11-18 15:43:48,2023-12-29 02:18:03,,,Thùng,NLG111-PĐØCN-T952-2,1000,300,300000,,,ACTIVE,56
106,2023-11-18 15:43:48,2023-12-29 02:18:03,,,Lốc,NGFCCLG1-Ø891-1,50,585,29250,,,ACTIVE,57
107,2023-11-18 15:43:48,2023-12-29 02:18:03,,,Thùng,NGFCCLG1-Ø891-2,1000,450,450000,,,ACTIVE,57
108,2023-11-18 15:43:48,2023-12-29 02:18:03,,,Lốc,MCCLN116-1,100,520,52000,,,ACTIVE,58
109,2023-11-18 15:43:48,2023-12-29 02:18:03,,,Thùng,MCCLN116-2,2000,400,800000,,,ACTIVE,58
110,2023-11-18 15:43:48,2023-12-29 02:18:03,,,Lốc,MCCLN914-1,100,520,52000,,,ACTIVE,59
111,2023-11-18 15:43:48,2023-12-29 02:18:03,,,Thùng,MCCLN914-2,2000,400,800000,,,ACTIVE,59
112,2023-11-18 15:43:48,2023-12-29 02:18:03,,,Hộp,OĐLGUNL6-1777-1,1,120000,120000,,,ACTIVE,60
113,2023-11-18 15:43:48,2023-12-29 02:18:03,,,Kiện,OĐLGUNL6-1777-2,5,100000,500000,,,ACTIVE,60
114,2023-11-18 15:43:48,2023-12-29 02:18:03,,,Lốc,DBMFB8-Ø284-1,50,1950,97500,,,ACTIVE,61
115,2023-11-18 15:43:48,2023-12-29 02:18:03,,,Thùng,DBMFB8-Ø284-2,600,1500,900000,,,ACTIVE,61
116,2023-11-18 15:43:48,2023-12-29 02:18:03,,,Lốc,DBMFB9-Ø712-1,50,2340,117000,,,ACTIVE,62
117,2023-11-18 15:43:48,2023-12-29 02:18:03,,,Thùng,DBMFB9-Ø712-2,800,1800,1440000,,,ACTIVE,62
118,2023-11-18 15:43:48,2023-12-29 02:18:03,,,Lốc,DBMFB1-Ø979-1,50,3250,162500,,,ACTIVE,63
119,2023-11-18 15:43:48,2023-12-29 02:18:03,,,Thùng,DBMFB1-Ø979-2,600,2500,1500000,,,ACTIVE,63
120,2023-11-18 15:43:48,2023-12-29 02:18:03,,,Lốc,DBMOFB6-1463-1,50,1885,94250,,,ACTIVE,64
121,2023-11-18 15:43:48,2023-12-29 02:18:03,,,Thùng,DBMOFB6-1463-2,500,1450,725000,,,ACTIVE,64
122,2023-11-18 15:43:48,2023-12-29 02:18:03,,,Lốc,DBMOFB1-2199-1,50,4810,240500,,,ACTIVE,65
123,2023-11-18 15:43:48,2023-12-29 02:18:03,,,Thùng,DBMOFB1-2199-2,600,3700,2220000,,,ACTIVE,65
124,2023-11-18 15:43:48,2023-12-29 02:18:03,,,Lốc,DGOFB6-1413-1,50,2015,100750,,,ACTIVE,66
125,2023-11-18 15:43:48,2023-12-29 02:18:03,,,Thùng,DGOFB6-1413-2,500,1550,775000,,,ACTIVE,66
126,2023-11-18 15:43:48,2023-12-29 02:18:03,,,Lốc,DGTFB8I-ØC830-1,50,2300,115000,,,ACTIVE,67
127,2023-11-18 15:43:48,2023-12-29 02:18:03,,,Thùng,DGTFB8I-ØC830-2,800,1700,1360000,,,ACTIVE,67
128,2023-11-18 15:43:48,2023-12-29 02:18:03,,,Lốc,DGTFB9I-ØC182-1,50,2730,136500,,,ACTIVE,68
129,2023-11-18 15:43:48,2023-12-29 02:18:03,,,Thùng,DGTFB9I-ØC182-2,800,2100,1680000,,,ACTIVE,68
130,2023-11-18 15:43:48,2023-12-29 02:18:03,,,Lốc,DGTØC331-1,50,750,37500,,,ACTIVE,69
131,2023-11-18 15:43:48,2023-12-29 02:18:03,,,Thùng,DGTØC331-2,2000,550,1100000,,,ACTIVE,69
132,2023-11-18 15:43:48,2023-12-29 02:18:03,,,Lốc,DGBØC803-1,50,470,23500,,,ACTIVE,70
133,2023-11-18 15:43:48,2023-12-29 02:18:03,,,Thùng,DGBØC803-2,2000,330,660000,,,ACTIVE,70
134,2023-11-18 15:43:48,2023-12-29 02:18:03,,,Lốc,DGHVØC378-1,20,500,10000,,,ACTIVE,71
135,2023-11-18 15:43:48,2023-12-29 02:18:03,,,Thùng,DGHVØC378-2,2000,410,820000,,,ACTIVE,71
136,2023-11-18 15:43:48,2023-12-29 02:18:03,,,Lốc,DGBØC229-1,50,850,42500,,,ACTIVE,72
137,2023-11-18 15:43:48,2023-12-29 02:18:03,,,Thùng,DGBØC229-2,2000,650,1300000,,,ACTIVE,72
138,2023-11-18 15:43:48,2023-12-29 02:18:03,,,Lốc,DGFC7-Ø926-1,50,1200,60000,,,ACTIVE,73
139,2023-11-18 15:43:48,2023-12-29 02:18:03,,,Thùng,DGFC7-Ø926-2,1000,900,900000,,,ACTIVE,73
140,2023-11-18 15:43:48,2023-12-29 02:18:03,,,Lốc,CGFB3219-1,50,2200,110000,,,ACTIVE,74
141,2023-11-18 15:43:48,2023-12-29 02:18:03,,,Thùng,CGFB3219-2,600,1700,1020000,,,ACTIVE,74
142,2023-11-18 15:43:48,2023-12-29 02:18:03,,,Lốc,TGFB8637-1,50,2860,143000,,,ACTIVE,75
143,2023-11-18 15:43:48,2023-12-29 02:18:03,,,Thùng,TGFB8637-2,600,2200,1320000,,,ACTIVE,75
144,2023-11-18 15:43:48,2023-12-29 02:18:03,,,Lốc,TGK1+NP710-1,50,2300,115000,,,ACTIVE,76
145,2023-11-18 15:43:48,2023-12-29 02:18:03,,,Thùng,TGK1+NP710-2,500,1720,860000,,,ACTIVE,76
146,2023-11-18 15:43:48,2023-12-29 02:18:03,,,Lốc,TGK1+NP286-1,50,2300,115000,,,ACTIVE,77
147,2023-11-18 15:43:48,2023-12-29 02:18:03,,,Thùng,TGK1+NP286-2,500,1720,860000,,,ACTIVE,77
148,2023-11-18 15:43:48,2023-12-29 02:18:03,,,Lốc,TGK7+NP970-1,50,2100,105000,,,ACTIVE,78
149,2023-11-18 15:43:48,2023-12-29 02:18:03,,,Thùng,TGK7+NP970-2,500,1610,805000,,,ACTIVE,78
150,2023-11-18 15:43:48,2023-12-29 02:18:03,,,Lốc,TGK7+NP859-1,50,2100,105000,,,ACTIVE,79
151,2023-11-18 15:43:48,2023-12-29 02:18:03,,,Thùng,TGK7+NP859-2,500,1610,805000,,,ACTIVE,79
152,2023-11-18 15:43:48,2023-12-29 02:18:03,,,Lốc,TGK5+NGK930-1,50,4950,247500,,,ACTIVE,80
153,2023-11-18 15:43:48,2023-12-29 02:18:03,,,Thùng,TGK5+NGK930-2,500,3795,1897500,,,ACTIVE,80
154,2023-11-18 15:43:48,2023-12-29 02:18:03,,,Lốc,TGK3+NGK831-1,50,4400,220000,,,ACTIVE,81
155,2023-11-18 15:43:48,2023-12-29 02:18:03,,,Thùng,TGK3+NGK831-2,500,3380,1690000,,,ACTIVE,81
156,2023-11-18 15:43:48,2023-12-29 02:18:03,,,Lốc,TGT1-5+NP818-1,100,1200,120000,,,ACTIVE,82
157,2023-11-18 15:43:48,2023-12-29 02:18:03,,,Thùng,TGT1-5+NP818-2,2000,950,1900000,,,ACTIVE,82
158,2023-11-18 15:43:48,2023-12-29 02:18:03,,,Lốc,TGT2-7+NP993-1,100,1300,130000,,,ACTIVE,83
159,2023-11-18 15:43:48,2023-12-29 02:18:03,,,Thùng,TGT2-7+NP993-2,2000,1000,2000000,,,ACTIVE,83
160,2023-11-18 15:43:48,2023-12-29 02:18:03,,,Lốc,TGT2-8+NP970-1,200,1300,260000,,,ACTIVE,84
161,2023-11-18 15:43:48,2023-12-29 02:18:03,,,Thùng,TGT2-8+NP970-2,1000,1000,1000000,,,ACTIVE,84
162,2023-11-18 15:43:48,2023-12-29 02:18:03,,,Lốc,TGT2-8+NP703-1,200,1300,260000,,,ACTIVE,85
163,2023-11-18 15:43:48,2023-12-29 02:18:03,,,Thùng,TGT2-8+NP703-2,1000,1000,1000000,,,ACTIVE,85
164,2023-11-18 15:43:48,2023-12-29 02:18:03,,,Lốc,TGT2+NGFC791-1,200,1560,312000,,,ACTIVE,86
165,2023-11-18 15:43:48,2023-12-29 02:18:03,,,Thùng,TGT2+NGFC791-2,1000,1200,1200000,,,ACTIVE,86
166,2023-11-18 15:43:48,2023-12-29 02:18:03,,,Lốc,TGT3-1+NP631-1,50,1800,90000,,,ACTIVE,87
167,2023-11-18 15:43:48,2023-12-29 02:18:03,,,Thùng,TGT3-1+NP631-2,1000,1300,1300000,,,ACTIVE,87
168,2023-11-18 15:43:48,2023-12-29 02:18:03,,,Lốc,TGT5-1+NP126-1,50,1850,92500,,,ACTIVE,88
169,2023-11-18 15:43:48,2023-12-29 02:18:03,,,Thùng,TGT5-1+NP126-2,1000,1350,1350000,,,ACTIVE,88
170,2023-11-18 15:43:48,2023-12-29 02:18:03,,,Lốc,TGT5+NGFC277-1,50,2150,107500,,,ACTIVE,89
171,2023-11-18 15:43:48,2023-12-29 02:18:03,,,Thùng,TGT5+NGFC277-2,1000,1650,1650000,,,ACTIVE,89
172,2023-11-18 15:43:48,2023-12-29 02:18:03,,,Lốc,TGT7-2+NP542-1,50,2200,110000,,,ACTIVE,90
173,2023-11-18 15:43:48,2023-12-29 02:18:03,,,Thùng,TGT7-2+NP542-2,1000,1650,1650000,,,ACTIVE,90
174,2023-11-18 15:43:48,2023-12-29 02:18:03,,,Lốc,TGT1-3+NP601-1,50,2400,120000,,,ACTIVE,91
175,2023-11-18 15:43:48,2023-12-29 02:18:03,,,Thùng,TGT1-3+NP601-2,1000,1850,1850000,,,ACTIVE,91
176,2023-11-18 15:43:48,2023-12-29 02:18:03,,,Lốc,TGT1+NGFC672-1,50,2730,136500,,,ACTIVE,92
177,2023-11-18 15:43:48,2023-12-29 02:18:03,,,Thùng,TGT1+NGFC672-2,1000,2100,2100000,,,ACTIVE,92
178,2023-11-18 15:43:48,2023-12-29 02:18:03,,,Lốc,KN0NCTGT2T1-Ø361-1,50,600,30000,,,ACTIVE,93
179,2023-11-18 15:43:48,2023-12-29 02:18:03,,,Thùng,KN0NCTGT2T1-Ø361-2,600,450,270000,,,ACTIVE,93
180,2023-11-18 15:43:48,2023-12-29 02:18:03,,,Lốc,KN2NCTGT2T1-Ø651-1,50,600,30000,,,ACTIVE,94
181,2023-11-18 15:43:48,2023-12-29 02:18:03,,,Thùng,KN2NCTGT2T1-Ø651-2,600,450,270000,,,ACTIVE,94
182,2023-11-18 15:43:48,2023-12-29 02:18:03,,,Lốc,OHGØ-MT777-1,50,300,15000,,,ACTIVE,95
183,2023-11-18 15:43:48,2023-12-29 02:18:03,,,Thùng,OHGØ-MT777-2,5000,200,1000000,,,ACTIVE,95
184,2023-11-18 15:43:48,2023-12-29 02:18:03,,,Gói,OHGTØ-BM239-1,250,330,82500,,,ACTIVE,96
185,2023-11-18 15:43:48,2023-12-29 02:18:03,,,Thùng,OHGTØ-BM239-2,3000,220,660000,,,ACTIVE,96
186,2023-11-18 15:43:48,2023-12-29 02:18:03,,,Lốc,OHGØ-MT978-1,30,330,9900,,,ACTIVE,97
187,2023-11-18 15:43:48,2023-12-29 02:18:03,,,Thùng,OHGØ-MT978-2,3000,220,660000,,,ACTIVE,97
188,2023-11-18 15:43:48,2023-12-29 02:18:03,,,Gói,OHGTØ-BM364-1,250,380,95000,,,ACTIVE,98
189,2023-11-18 15:43:48,2023-12-29 02:18:03,,,Thùng,OHGTØ-BM364-2,2000,250,500000,,,ACTIVE,98
190,2023-11-18 15:43:48,2023-12-29 02:18:03,,,Lốc,OHGØ-MT999-1,15,525,7875,,,ACTIVE,99
191,2023-11-18 15:43:48,2023-12-29 02:18:03,,,Thùng,OHGØ-MT999-2,1500,350,525000,,,ACTIVE,99
192,2023-11-18 15:43:48,2023-12-29 02:18:03,,,Gói,OHGTØ-BM466-1,250,620,155000,,,ACTIVE,100
193,2023-11-18 15:43:48,2023-12-29 02:18:03,,,Thùng,OHGTØ-BM466-2,1000,420,420000,,,ACTIVE,100
194,2023-11-18 15:43:48,2023-12-29 02:18:03,,,Lốc,OHGØ-MK109-1,50,350,17500,,,ACTIVE,101
195,2023-11-18 15:43:48,2023-12-29 02:18:03,,,Thùng,OHGØ-MK109-2,5000,220,1100000,,,ACTIVE,101
196,2023-11-18 15:43:48,2023-12-29 02:18:03,,,Lốc,OHGØ-MK598-1,30,345,10350,,,ACTIVE,102
197,2023-11-18 15:43:48,2023-12-29 02:18:03,,,Thùng,OHGØ-MK598-2,3000,250,750000,,,ACTIVE,102
198,2023-11-18 15:43:48,2023-12-29 02:18:03,,,Lốc,OHGØ-SĐT211-1,50,350,17500,,,ACTIVE,103
199,2023-11-18 15:43:48,2023-12-29 02:18:03,,,Thùng,OHGØ-SĐT211-2,5000,220,1100000,,,ACTIVE,103
200,2023-11-18 15:43:48,2023-12-29 02:18:03,,,Lốc,OHGØ-SXT806-1,50,350,17500,,,ACTIVE,104
201,2023-11-18 15:43:48,2023-12-29 02:18:03,,,Thùng,OHGØ-SXT806-2,5000,220,1100000,,,ACTIVE,104
202,2023-11-18 15:43:48,2023-12-29 02:18:03,,,Lốc,OHGØ-SVT936-1,50,350,17500,,,ACTIVE,105
203,2023-11-18 15:43:48,2023-12-29 02:18:03,,,Thùng,OHGØ-SVT936-2,5000,220,1100000,,,ACTIVE,105
204,2023-11-18 15:43:48,2023-12-29 02:18:03,,,Lốc,OHGØ-MĐ585-1,50,350,17500,,,ACTIVE,106
205,2023-11-18 15:43:48,2023-12-29 02:18:03,,,Thùng,OHGØ-MĐ585-2,5000,220,1100000,,,ACTIVE,106
206,2023-11-18 15:43:48,2023-12-29 02:18:03,,,Lốc,OHGØ-VCT615-1,30,345,10350,,,ACTIVE,107
207,2023-11-18 15:43:48,2023-12-29 02:18:03,,,Thùng,OHGØ-VCT615-2,3000,230,690000,,,ACTIVE,107
208,2023-11-18 15:43:48,2023-12-29 02:18:03,,,Lốc,OHGØ-SXT121-1,30,345,10350,,,ACTIVE,108
209,2023-11-18 15:43:48,2023-12-29 02:18:03,,,Thùng,OHGØ-SXT121-2,3000,250,750000,,,ACTIVE,108
210,2023-11-18 15:43:48,2023-12-29 02:18:03,,,Lốc,OHGØ-SVT961-1,30,345,10350,,,ACTIVE,109
211,2023-11-18 15:43:48,2023-12-29 02:18:03,,,Thùng,OHGØ-SVT961-2,3000,250,750000,,,ACTIVE,109
212,2023-11-18 15:43:48,2023-12-29 02:18:03,,,Lốc,OHGØ-SĐT528-1,30,345,10350,,,ACTIVE,110
213,2023-11-18 15:43:48,2023-12-29 02:18:03,,,Thùng,OHGØ-SĐT528-2,3000,250,750000,,,ACTIVE,110
214,2023-11-18 15:43:48,2023-12-29 02:18:03,,,Lốc,OHGØ-VCT165-1,50,350,17500,,,ACTIVE,111
215,2023-11-18 15:43:48,2023-12-29 02:18:03,,,Thùng,OHGØ-VCT165-2,5000,220,1100000,,,ACTIVE,111
216,2023-11-18 15:43:48,2023-12-29 02:18:03,,,Lốc,OHNDĐMĐ470-1,1,100000,100000,,,ACTIVE,112
217,2023-11-18 15:43:48,2023-12-29 02:18:03,,,Kiện,OHNDĐMĐ470-2,5,85000,425000,,,ACTIVE,112
218,2023-11-18 15:43:48,2023-12-29 02:18:03,,,Lốc,OHNTP1BMB352-1,1,80000,80000,,,ACTIVE,113
219,2023-11-18 15:43:48,2023-12-29 02:18:03,,,Kiện,OHNTP1BMB352-2,5,60000,300000,,,ACTIVE,113
220,2023-11-18 15:43:48,2023-12-29 02:18:03,,,Lốc,OHNTP6BMB614-1,1,80000,80000,,,ACTIVE,114
221,2023-11-18 15:43:48,2023-12-29 02:18:03,,,Kiện,OHNTP6BMB614-2,5,60000,300000,,,ACTIVE,114
222,2023-11-18 15:43:48,2023-12-29 02:18:03,,,Lốc,KGFC3-1582-1,100,650,65000,,,ACTIVE,115
223,2023-11-18 15:43:48,2023-12-29 02:18:03,,,Thùng,KGFC3-1582-2,2000,500,1000000,,,ACTIVE,115
224,2023-11-18 15:43:48,2023-12-29 02:18:03,,,Lốc,KGFC5-1421-1,100,1300,130000,,,ACTIVE,116
225,2023-11-18 15:43:48,2023-12-29 02:18:03,,,Thùng,KGFC5-1421-2,1200,1000,1200000,,,ACTIVE,116
226,2023-11-18 15:43:48,2023-12-29 02:18:03,,,Lốc,KGFC5-351-1,100,1430,143000,,,ACTIVE,117
227,2023-11-18 15:43:48,2023-12-29 02:18:03,,,Thùng,KGFC5-351-2,1200,1100,1320000,,,ACTIVE,117
228,2023-11-18 15:43:48,2023-12-29 02:18:03,,,Lốc,KGFC8-2250-1,50,1820,91000,,,ACTIVE,118
229,2023-11-18 15:43:48,2023-12-29 02:18:03,,,Thùng,KGFC8-2250-2,900,1400,1260000,,,ACTIVE,118
230,2023-11-18 15:43:48,2023-12-29 02:18:03,,,Lốc,KGKFD5-1328-1,100,1300,130000,,,ACTIVE,119
231,2023-11-18 15:43:48,2023-12-29 02:18:03,,,Thùng,KGKFD5-1328-2,1200,1000,1200000,,,ACTIVE,119
232,2023-11-18 15:43:48,2023-12-29 02:18:03,,,Lốc,KGK1393-1,100,1690,169000,,,ACTIVE,120
233,2023-11-18 15:43:48,2023-12-29 02:18:03,,,Thùng,KGK1393-2,500,1300,650000,,,ACTIVE,120
234,2023-11-18 15:43:48,2023-12-29 02:18:03,,,Lốc,KGC8787-1,100,2500,250000,,,ACTIVE,121
235,2023-11-18 15:43:48,2023-12-29 02:18:03,,,Thùng,KGC8787-2,1000,1800,1800000,,,ACTIVE,121
236,2023-11-18 15:43:48,2023-12-29 02:18:03,,,Lốc,HGFC5102-1,50,1300,65000,,,ACTIVE,122
237,2023-11-18 15:43:48,2023-12-29 02:18:03,,,Thùng,HGFC5102-2,1000,1000,1000000,,,ACTIVE,122
238,2023-11-18 15:43:48,2023-12-29 02:18:03,,,Lốc,HGFC5541-1,50,1560,78000,,,ACTIVE,123
239,2023-11-18 15:43:48,2023-12-29 02:18:03,,,Thùng,HGFC5541-2,1050,1200,1260000,,,ACTIVE,123
240,2023-11-18 15:43:48,2023-12-29 02:18:03,,,Lốc,HGFC7331-1,50,2200,110000,,,ACTIVE,124
241,2023-11-18 15:43:48,2023-12-29 02:18:03,,,Thùng,HGFC7331-2,800,1700,1360000,,,ACTIVE,124
242,2023-11-18 15:43:48,2023-12-29 02:18:03,,,Lốc,HGFC1720-1,50,4300,215000,,,ACTIVE,125
243,2023-11-18 15:43:48,2023-12-29 02:18:03,,,Thùng,HGFC1720-2,300,3300,990000,,,ACTIVE,125
244,2023-11-18 15:43:48,2023-12-29 02:18:03,,,Lốc,HGFC2661-1,25,5200,130000,,,ACTIVE,126
245,2023-11-18 15:43:48,2023-12-29 02:18:03,,,Thùng,HGFC2661-2,300,4000,1200000,,,ACTIVE,126
246,2023-11-18 15:43:48,2023-12-29 02:18:03,,,Lốc,HGFC6+NP445-1,50,4550,227500,,,ACTIVE,127
247,2023-11-18 15:43:48,2023-12-29 02:18:03,,,Thùng,HGFC6+NP445-2,400,3500,1400000,,,ACTIVE,127
248,2023-11-18 15:43:48,2023-12-29 02:18:03,,,Lốc,HGFB4549-1,50,2600,130000,,,ACTIVE,128
249,2023-11-18 15:43:48,2023-12-29 02:18:03,,,Thùng,HGFB4549-2,600,2000,1200000,,,ACTIVE,128
250,2023-11-18 15:43:48,2023-12-29 02:18:03,,,Lốc,HGFB6330-1,50,3250,162500,,,ACTIVE,129
251,2023-11-18 15:43:48,2023-12-29 02:18:03,,,Thùng,HGFB6330-2,600,2700,1620000,,,ACTIVE,129
252,2023-11-18 15:43:48,2023-12-29 02:18:03,,,Lốc,HG2NFB9285-1,50,5850,292500,,,ACTIVE,130
253,2023-11-18 15:43:48,2023-12-29 02:18:03,,,Thùng,HG2NFB9285-2,200,4500,900000,,,ACTIVE,130
254,2023-11-18 15:43:48,2023-12-29 02:18:03,,,Lốc,HGFB1190-1,50,5200,260000,,,ACTIVE,131
255,2023-11-18 15:43:48,2023-12-29 02:18:03,,,Thùng,HGFB1190-2,200,4000,800000,,,ACTIVE,131
256,2023-11-18 15:43:48,2023-12-29 02:18:03,,,Lốc,HGFB6+NP347-1,25,4500,112500,,,ACTIVE,132
257,2023-11-18 15:43:48,2023-12-29 02:18:03,,,Thùng,HGFB6+NP347-2,300,3500,1050000,,,ACTIVE,132
258,2023-11-18 15:43:48,2023-12-29 02:18:03,,,Lốc,HG2NFB6514-1,25,3500,87500,,,ACTIVE,133
259,2023-11-18 15:43:48,2023-12-29 02:18:03,,,Thùng,HG2NFB6514-2,300,2700,810000,,,ACTIVE,133
260,2023-11-18 15:43:48,2023-12-29 02:18:03,,,Lốc,HG3NFB1175-1,25,8450,211250,,,ACTIVE,134
261,2023-11-18 15:43:48,2023-12-29 02:18:03,,,Thùng,HG3NFB1175-2,150,6500,975000,,,ACTIVE,134
262,2023-11-18 15:43:48,2023-12-29 02:18:03,,,Lốc,HGB1865-1,50,1300,65000,,,ACTIVE,135
263,2023-11-18 15:43:48,2023-12-29 02:18:03,,,Thùng,HGB1865-2,1000,1000,1000000,,,ACTIVE,135
264,2023-11-18 15:43:48,2023-12-29 02:18:03,,,Lốc,HGT1+NP975-1,50,2600,130000,,,ACTIVE,136
265,2023-11-18 15:43:48,2023-12-29 02:18:03,,,Thùng,HGT1+NP975-2,1000,2000,2000000,,,ACTIVE,136
266,2023-11-18 15:43:48,2023-12-29 02:18:03,,,Lốc,HGT1+NP851-1,50,2600,130000,,,ACTIVE,137
267,2023-11-18 15:43:48,2023-12-29 02:18:03,,,Thùng,HGT1+NP851-2,1000,2000,2000000,,,ACTIVE,137
268,2023-11-18 15:43:48,2023-12-29 02:18:03,,,Lốc,HGT1+NP193-1,50,2600,130000,,,ACTIVE,138
269,2023-11-18 15:43:48,2023-12-29 02:18:03,,,Thùng,HGT1+NP193-2,1000,2000,2000000,,,ACTIVE,138
270,2023-11-18 15:43:48,2023-12-29 02:18:03,,,Lốc,HGST1309-1,50,2500,125000,,,ACTIVE,139
271,2023-11-18 15:43:48,2023-12-29 02:18:03,,,Thùng,HGST1309-2,500,2000,1000000,,,ACTIVE,139
272,2023-11-18 15:43:48,2023-12-29 02:18:03,,,Lốc,BDMNGKG-BMGK190-1,100,2500,250000,,,ACTIVE,140
273,2023-11-18 15:43:48,2023-12-29 02:18:03,,,Thùng,BDMNGKG-BMGK190-2,1000,2100,2100000,,,ACTIVE,140
274,2023-11-18 15:43:48,2023-12-29 02:18:03,,,Lốc,BMĐTG-BMGK423-1,100,1720,172000,,,ACTIVE,141
275,2023-11-18 15:43:48,2023-12-29 02:18:03,,,Thùng,BMĐTG-BMGK423-2,1000,1320,1320000,,,ACTIVE,141
276,2023-11-18 15:43:48,2023-12-29 02:18:03,,,Lốc,BMĐTG-BMB911-1,100,780,78000,,,ACTIVE,142
277,2023-11-18 15:43:48,2023-12-29 02:18:03,,,Thùng,BMĐTG-BMB911-2,1000,600,600000,,,ACTIVE,142
278,2023-11-18 15:43:48,2023-12-29 02:18:03,,,Lốc,DGCBSN2219-1,100,1400,140000,,,ACTIVE,143
279,2023-11-18 15:43:48,2023-12-29 02:18:03,,,Thùng,DGCBSN2219-2,1000,950,950000,,,ACTIVE,143
280,2023-11-18 15:43:48,2023-12-29 02:18:03,,,Lốc,DGCC1133-1,100,750,75000,,,ACTIVE,144
281,2023-11-18 15:43:48,2023-12-29 02:18:03,,,Thùng,DGCC1133-2,1000,550,550000,,,ACTIVE,144
282,2023-11-18 15:43:48,2023-12-29 02:18:03,,,Lốc,DNTCC981-1,100,300,30000,,,ACTIVE,145
283,2023-11-18 15:43:48,2023-12-29 02:18:03,,,Thùng,DNTCC981-2,5000,200,1000000,,,ACTIVE,145
284,2023-11-18 15:43:48,2023-12-29 02:18:03,,,Lốc,MGCC9119-1,100,600,60000,,,ACTIVE,146
285,2023-11-18 15:43:48,2023-12-29 02:18:03,,,Thùng,MGCC9119-2,2000,450,900000,,,ACTIVE,146
286,2023-11-18 15:43:48,2023-12-29 02:18:03,,,Lốc,MGCC1767-1,100,750,75000,,,ACTIVE,147
287,2023-11-18 15:43:48,2023-12-29 02:18:03,,,Thùng,MGCC1767-2,1000,550,550000,,,ACTIVE,147
288,2023-11-18 15:43:48,2023-12-29 02:18:03,,,Lốc,MNĐCC969-1,100,600,60000,,,ACTIVE,148
289,2023-11-18 15:43:48,2023-12-29 02:18:03,,,Thùng,MNĐCC969-2,5000,300,1500000,,,ACTIVE,148
290,2023-11-18 15:43:48,2023-12-29 02:18:03,,,Lốc,MNTCC335-1,100,300,30000,,,ACTIVE,149
291,2023-11-18 15:43:48,2023-12-29 02:18:03,,,Thùng,MNTCC335-2,5000,200,1000000,,,ACTIVE,149
292,2023-11-18 15:43:48,2023-12-29 02:18:03,,,Lốc,MGNFB1647-1,100,780,78000,,,ACTIVE,150
293,2023-11-18 15:43:48,2023-12-29 02:18:03,,,Thùng,MGNFB1647-2,3000,600,1800000,,,ACTIVE,150
294,2023-11-18 15:43:48,2023-12-29 02:18:03,,,Lốc,NGCC9762-1,100,600,60000,,,ACTIVE,151
295,2023-11-18 15:43:48,2023-12-29 02:18:03,,,Thùng,NGCC9762-2,2000,450,900000,,,ACTIVE,151
296,2023-11-18 15:43:48,2023-12-29 02:18:03,,,Lốc,NGCC1864-1,100,750,75000,,,ACTIVE,152
297,2023-11-18 15:43:48,2023-12-29 02:18:03,,,Thùng,NGCC1864-2,1000,550,550000,,,ACTIVE,152
298,2023-11-18 15:43:48,2023-12-29 02:18:03,,,Lốc,NNĐ4303-1,100,700,70000,,,ACTIVE,153
299,2023-11-18 15:43:48,2023-12-29 02:18:03,,,Kiện,NNĐ4303-2,1000,500,500000,,,ACTIVE,153
300,2023-11-18 15:43:48,2023-12-29 02:18:03,,,Lốc,NNTCC590-1,100,300,30000,,,ACTIVE,154
301,2023-11-18 15:43:48,2023-12-29 02:18:03,,,Thùng,NNTCC590-2,5000,200,1000000,,,ACTIVE,154
302,2023-11-18 15:43:48,2023-12-29 02:18:03,,,Lốc,NGXHQ1163-1,100,350,35000,,,ACTIVE,155
303,2023-11-18 15:43:48,2023-12-29 02:18:03,,,Thùng,NGXHQ1163-2,2000,250,500000,,,ACTIVE,155
304,2023-11-18 15:43:48,2023-12-29 02:18:03,,,Lốc,ĐTCC2521-1,100,450,45000,,,ACTIVE,156
305,2023-11-18 15:43:48,2023-12-29 02:18:03,,,Kiện,ĐTCC2521-2,1000,330,330000,,,ACTIVE,156
306,2023-11-18 15:43:48,2023-12-29 02:18:03,,,Lốc,ĐGBGCC2431-1,100,450,45000,,,ACTIVE,157
307,2023-11-18 15:43:48,2023-12-29 02:18:03,,,Kiện,ĐGBGCC2431-2,1000,350,350000,,,ACTIVE,157
308,2023-11-18 15:43:48,2023-12-29 02:18:03,,,Lốc,QGKC1982-1,100,350,35000,,,ACTIVE,158
309,2023-11-18 15:43:48,2023-12-29 02:18:03,,,Thùng,QGKC1982-2,1000,250,250000,,,ACTIVE,158
310,2023-11-18 15:43:48,2023-12-29 02:18:03,,,Lốc,CNCBM2+N813-1,100,1625,162500,,,ACTIVE,159
311,2023-11-18 15:43:48,2023-12-29 02:18:03,,,Thùng,CNCBM2+N813-2,2000,1250,2500000,,,ACTIVE,159
312,2023-11-18 15:43:48,2023-12-29 02:18:03,,,Lốc,CNCGFB3794-1,100,650,65000,,,ACTIVE,160
313,2023-11-18 15:43:48,2023-12-29 02:18:03,,,Thùng,CNCGFB3794-2,1800,500,900000,,,ACTIVE,160
314,2023-11-18 15:43:48,2023-12-29 02:18:03,,,Lốc,CNC26+N525-1,100,390,39000,,,ACTIVE,161
315,2023-11-18 15:43:48,2023-12-29 02:18:03,,,Thùng,CNC26+N525-2,2500,300,750000,,,ACTIVE,161
316,2023-11-18 15:43:48,2023-12-29 02:18:03,,,Lốc,CNC26NL421-1,100,450,45000,,,ACTIVE,162
317,2023-11-18 15:43:48,2023-12-29 02:18:03,,,Thùng,CNC26NL421-2,1000,350,350000,,,ACTIVE,162
318,2023-11-18 15:43:48,2023-12-29 02:18:03,,,Lốc,QLXL674-1,100,750,75000,,,ACTIVE,163
319,2023-11-18 15:43:48,2023-12-29 02:18:03,,,Thùng,QLXL674-2,500,560,280000,,,ACTIVE,163
320,2023-11-18 15:43:48,2023-12-29 02:18:03,,,Lốc,QLXL297-1,100,750,75000,,,ACTIVE,164
321,2023-11-18 15:43:48,2023-12-29 02:18:03,,,Thùng,QLXL297-2,500,560,280000,,,ACTIVE,164
322,2023-11-18 15:43:48,2023-12-29 02:18:03,,,Lốc,QXLT731-1,100,1800,180000,,,ACTIVE,165
323,2023-11-18 15:43:48,2023-12-29 02:18:03,,,Kiện,QXLT731-2,1000,1350,1350000,,,ACTIVE,165
324,2023-11-18 15:43:48,2023-12-29 02:18:03,,,Lốc,QXLT567-1,100,1800,180000,,,ACTIVE,166
325,2023-11-18 15:43:48,2023-12-29 02:18:03,,,Kiện,QXLT567-2,1000,1350,1350000,,,ACTIVE,166
326,2023-11-18 15:43:48,2023-12-29 02:18:03,,,Lốc,QXLDT804-1,50,800,40000,,,ACTIVE,167
327,2023-11-18 15:43:48,2023-12-29 02:18:03,,,Kiện,QXLDT804-2,1000,650,650000,,,ACTIVE,167
328,2023-11-18 15:43:48,2023-12-29 02:18:03,,,Lốc,KGĐL2N653-1,50,1400,70000,,,ACTIVE,168
329,2023-11-18 15:43:48,2023-12-29 02:18:03,,,Kiện,KGĐL2N653-2,500,1100,550000,,,ACTIVE,168
330,2023-11-18 15:43:48,2023-12-29 02:18:03,,,Lốc,KGĐL4N954-1,50,2350,117500,,,ACTIVE,169
331,2023-11-18 15:43:48,2023-12-29 02:18:03,,,Kiện,KGĐL4N954-2,500,1800,900000,,,ACTIVE,169
332,2023-11-18 15:43:48,2023-12-29 02:18:03,,,Lốc,KNĐ2LT187-1,50,2000,100000,,,ACTIVE,170
333,2023-11-18 15:43:48,2023-12-29 02:18:03,,,Kiện,KNĐ2LT187-2,500,1200,600000,,,ACTIVE,170
334,2023-11-18 15:43:48,2023-12-29 02:18:03,,,Lốc,KNĐ4LT316-1,100,1800,180000,,,ACTIVE,171
335,2023-11-18 15:43:48,2023-12-29 02:18:03,,,Kiện,KNĐ4LT316-2,500,1200,600000,,,ACTIVE,171
336,2023-11-18 15:43:48,2023-12-29 02:18:03,,,Kiện,TQBGCCS676-1,1,35000,35000,,,ACTIVE,172
337,2023-11-18 15:43:48,2023-12-29 02:18:03,,,Kiện,TQBGCCS676-2,5,30000,150000,,,ACTIVE,172
338,2023-11-18 15:43:48,2023-12-29 02:18:03,,,Lốc,TNTHSH2~2-2C787-1,1,65000,65000,,,ACTIVE,173
339,2023-11-18 15:43:48,2023-12-29 02:18:03,,,Kiện,TNTHSH2~2-2C787-2,5,50000,250000,,,ACTIVE,173
340,2023-11-18 15:43:48,2023-12-29 02:18:03,,,Lốc,TNTHSH2~1-2C971-1,1,65000,65000,,,ACTIVE,174
341,2023-11-18 15:43:48,2023-12-29 02:18:03,,,Kiện,TNTHSH2~1-2C971-2,5,50000,250000,,,ACTIVE,174
342,2023-11-18 15:43:48,2023-12-29 02:18:03,,,Lốc,TNTHSH21-1C527-1,1,65000,65000,,,ACTIVE,175
343,2023-11-18 15:43:48,2023-12-29 02:18:03,,,Kiện,TNTHSH21-1C527-2,5,50000,250000,,,ACTIVE,175
344,2023-11-18 15:43:48,2023-12-29 02:18:03,,,Lốc,TNTHSH39-1C109-1,1,65000,65000,,,ACTIVE,176
345,2023-11-18 15:43:48,2023-12-29 02:18:03,,,Kiện,TNTHSH39-1C109-2,5,50000,250000,,,ACTIVE,176
346,2023-11-18 15:43:48,2023-12-29 02:18:03,,,Lốc,TNTHSH44-5C971-1,1,65000,65000,,,ACTIVE,177
347,2023-11-18 15:43:48,2023-12-29 02:18:03,,,Kiện,TNTHSH44-5C971-2,5,50000,250000,,,ACTIVE,177
348,2023-11-18 15:43:48,2023-12-29 02:18:03,,,Lốc,TĐLCT853-1,1,75000,75000,,,ACTIVE,178
349,2023-11-18 15:43:48,2023-12-29 02:18:03,,,Kiện,TĐLCT853-2,5,65000,325000,,,ACTIVE,178
350,2023-11-18 15:43:48,2023-12-29 02:18:03,,,Lốc,TPĐ2L891-1,1,70000,70000,,,ACTIVE,179
351,2023-11-18 15:43:48,2023-12-29 02:18:03,,,Kiện,TPĐ2L891-2,5,55000,275000,,,ACTIVE,179
352,2023-11-18 15:43:48,2023-12-29 02:18:03,,,Lốc,TPĐ1L534-1,1,70000,70000,,,ACTIVE,180
353,2023-11-18 15:43:48,2023-12-29 02:18:03,,,Kiện,TPĐ1L534-2,5,55000,275000,,,ACTIVE,180
354,2023-11-18 15:43:48,2023-12-29 02:18:03,,,Thùng,HGK4N2C533-1,96,15000,1440000,,,ACTIVE,181
355,2023-11-18 15:43:48,2023-12-29 02:18:03,,,Kiện,HGK4N2C533-2,300,13000,3900000,,,ACTIVE,181
356,2023-11-18 15:43:48,2023-12-29 02:18:03,,,Lốc,HGK7488-1,50,2950,147500,,,ACTIVE,182
357,2023-11-18 15:43:48,2023-12-29 02:18:03,,,Thùng,HGK7488-2,400,2250,900000,,,ACTIVE,182
358,2023-11-18 15:43:48,2023-12-29 02:18:03,,,Lốc,HGK9305-1,50,3250,162500,,,ACTIVE,183
359,2023-11-18 15:43:48,2023-12-29 02:18:03,,,Thùng,HGK9305-2,300,2500,750000,,,ACTIVE,183
360,2023-11-18 15:43:48,2023-12-29 02:18:03,,,Lốc,HGK1800-1,50,3850,192500,,,ACTIVE,184
361,2023-11-18 15:43:48,2023-12-29 02:18:03,,,Thùng,HGK1800-2,300,2950,885000,,,ACTIVE,184
362,2023-11-18 15:43:48,2023-12-29 02:18:03,,,Lốc,HGK1820-1,50,4450,222500,,,ACTIVE,185
363,2023-11-18 15:43:48,2023-12-29 02:18:03,,,Thùng,HGK1820-2,300,3400,1020000,,,ACTIVE,185
364,2023-11-18 15:43:48,2023-12-29 02:18:03,,,Lốc,HGK7+NP875-1,100,3900,390000,,,ACTIVE,186
365,2023-11-18 15:43:48,2023-12-29 02:18:03,,,Thùng,HGK7+NP875-2,400,3000,1200000,,,ACTIVE,186
366,2023-11-18 15:43:48,2023-12-29 02:18:03,,,Lốc,HGK9+NP765-1,100,4050,405000,,,ACTIVE,187
367,2023-11-18 15:43:48,2023-12-29 02:18:03,,,Thùng,HGK9+NP765-2,400,3100,1240000,,,ACTIVE,187
368,2023-11-18 15:43:48,2023-12-29 02:18:03,,,Lốc,HGK1+NP610-1,100,4300,430000,,,ACTIVE,188
369,2023-11-18 15:43:48,2023-12-29 02:18:03,,,Thùng,HGK1+NP610-2,300,3300,990000,,,ACTIVE,188
370,2023-11-18 15:43:48,2023-12-29 02:18:03,,,Lốc,HGK1+NP272-1,100,4800,480000,,,ACTIVE,189
371,2023-11-18 15:43:48,2023-12-29 02:18:03,,,Thùng,HGK1+NP272-2,300,3900,1170000,,,ACTIVE,189
372,2023-11-18 15:43:48,2023-12-29 02:18:03,,,Lốc,HGK7CCS867-1,50,3300,165000,,,ACTIVE,190
373,2023-11-18 15:43:48,2023-12-29 02:18:03,,,Thùng,HGK7CCS867-2,400,2550,1020000,,,ACTIVE,190
374,2023-11-18 15:43:48,2023-12-29 02:18:03,,,Lốc,HGK9CCS919-1,50,3640,182000,,,ACTIVE,191
375,2023-11-18 15:43:48,2023-12-29 02:18:03,,,Thùng,HGK9CCS919-2,300,2800,840000,,,ACTIVE,191
376,2023-11-18 15:43:48,2023-12-29 02:18:03,,,Lốc,HGK1CS960-1,50,4550,227500,,,ACTIVE,192
377,2023-11-18 15:43:48,2023-12-29 02:18:03,,,Thùng,HGK1CS960-2,300,3500,1050000,,,ACTIVE,192
378,2023-11-18 15:43:48,2023-12-29 02:18:03,,,Lốc,HGK1CS502-1,50,5600,280000,,,ACTIVE,193
379,2023-11-18 15:43:48,2023-12-29 02:18:03,,,Thùng,HGK1CS502-2,300,4300,1290000,,,ACTIVE,193
380,2023-11-18 15:43:48,2023-12-29 02:18:03,,,Lốc,HGK7NGC958-1,50,2470,123500,,,ACTIVE,194
381,2023-11-18 15:43:48,2023-12-29 02:18:03,,,Thùng,HGK7NGC958-2,200,1900,380000,,,ACTIVE,194
382,2023-11-18 15:43:48,2023-12-29 02:18:03,,,Lốc,HGK1NGC367-1,50,4100,205000,,,ACTIVE,195
383,2023-11-18 15:43:48,2023-12-29 02:18:03,,,Thùng,HGK1NGC367-2,300,3150,945000,,,ACTIVE,195
384,2023-11-18 15:43:48,2023-12-29 02:18:03,,,Lốc,HGK2NGC281-1,50,5500,275000,,,ACTIVE,196
385,2023-11-18 15:43:48,2023-12-29 02:18:03,,,Thùng,HGK2NGC281-2,200,4300,860000,,,ACTIVE,196
386,2023-11-18 15:43:48,2023-12-29 02:18:03,,,Lốc,HGK3NGC884-1,50,6000,300000,,,ACTIVE,197
387,2023-11-18 15:43:48,2023-12-29 02:18:03,,,Thùng,HGK3NGC884-2,200,5300,1060000,,,ACTIVE,197
388,2023-11-18 15:43:48,2023-12-29 02:18:03,,,Lốc,HGK1+NP588-1,50,2600,130000,,,ACTIVE,198
389,2023-11-18 15:43:48,2023-12-29 02:18:03,,,Thùng,HGK1+NP588-2,1000,2000,2000000,,,ACTIVE,198
390,2023-11-18 15:43:48,2023-12-29 02:18:03,,,Lốc,HGK1+NP106-1,50,2600,130000,,,ACTIVE,199
391,2023-11-18 15:43:48,2023-12-29 02:18:03,,,Thùng,HGK1+NP106-2,1000,2000,2000000,,,ACTIVE,199
392,2023-11-18 15:43:48,2023-12-29 02:18:03,,,Lốc,HGK1+NP585-1,50,4500,225000,,,ACTIVE,200
393,2023-11-18 15:43:48,2023-12-29 02:18:03,,,Thùng,HGK1+NP585-2,1000,3700,3700000,,,ACTIVE,200
394,2023-11-18 15:43:48,2023-12-29 02:18:03,,,Lốc,HGK1+NP791-1,50,2600,130000,,,ACTIVE,201
395,2023-11-18 15:43:48,2023-12-29 02:18:03,,,Thùng,HGK1+NP791-2,1000,2000,2000000,,,ACTIVE,201
396,2023-11-18 15:43:48,2023-12-29 02:18:03,,,Lốc,HGKB1814-1,110,2275,250250,,,ACTIVE,202
397,2023-11-18 15:43:48,2023-12-29 02:18:03,,,Thùng,HGKB1814-2,660,1750,1155000,,,ACTIVE,202
398,2023-11-18 15:43:48,2023-12-29 02:18:03,,,Lốc,HGKFD6+NP612-1,50,4350,217500,,,ACTIVE,203
399,2023-11-18 15:43:48,2023-12-29 02:18:03,,,Thùng,HGKFD6+NP612-2,400,3350,1340000,,,ACTIVE,203
400,2023-11-18 15:43:48,2023-12-29 02:18:03,,,Lốc,HGKQX1809-1,100,3500,350000,,,ACTIVE,204
401,2023-11-18 15:43:48,2023-12-29 02:18:03,,,Thùng,HGKQX1809-2,500,2300,1150000,,,ACTIVE,204
402,2023-11-18 15:43:48,2023-12-29 02:18:03,,,Lốc,HGKQX2252-1,100,3770,377000,,,ACTIVE,205
403,2023-11-18 15:43:48,2023-12-29 02:18:03,,,Thùng,HGKQX2252-2,500,2900,1450000,,,ACTIVE,205
404,2023-11-18 15:43:48,2023-12-29 02:18:03,,,Lốc,HGKQX2257-1,100,4500,450000,,,ACTIVE,206
405,2023-11-18 15:43:48,2023-12-29 02:18:03,,,Thùng,HGKQX2257-2,400,3450,1380000,,,ACTIVE,206
406,2023-11-18 15:43:48,2023-12-29 02:18:03,,,Lốc,HGP1298-1,50,3500,175000,,,ACTIVE,207
407,2023-11-18 15:43:48,2023-12-29 02:18:03,,,Kiện,HGP1298-2,500,2700,1350000,,,ACTIVE,207
408,2023-11-18 15:43:48,2023-12-29 02:18:03,,,Lốc,HGP2756-1,50,4000,200000,,,ACTIVE,208
409,2023-11-18 15:43:48,2023-12-29 02:18:03,,,Kiện,HGP2756-2,500,3000,1500000,,,ACTIVE,208
410,2023-11-18 15:43:48,2023-12-29 02:18:03,,,Lốc,HGP2169-1,50,4400,220000,,,ACTIVE,209
411,2023-11-18 15:43:48,2023-12-29 02:18:03,,,Kiện,HGP2169-2,500,3200,1600000,,,ACTIVE,209
412,2023-11-18 15:43:48,2023-12-29 02:18:03,,,Lốc,HGP3138-1,100,5200,520000,,,ACTIVE,210
413,2023-11-18 15:43:48,2023-12-29 02:18:03,,,Kiện,HGP3138-2,500,5000,2500000,,,ACTIVE,210
414,2023-11-18 15:43:48,2023-12-29 02:18:03,,,Lốc,HBMFB4273-1,50,2340,117000,,,ACTIVE,211
415,2023-11-18 15:43:48,2023-12-29 02:18:03,,,Thùng,HBMFB4273-2,600,1800,1080000,,,ACTIVE,211
416,2023-11-18 15:43:48,2023-12-29 02:18:03,,,Lốc,HBMBFB6100-1,50,2860,143000,,,ACTIVE,212
417,2023-11-18 15:43:48,2023-12-29 02:18:03,,,Thùng,HBMBFB6100-2,500,2200,1100000,,,ACTIVE,212
418,2023-11-18 15:43:48,2023-12-29 02:18:03,,,Lốc,HBMFB6486-1,50,2860,143000,,,ACTIVE,213
419,2023-11-18 15:43:48,2023-12-29 02:18:03,,,Thùng,HBMFB6486-2,600,2200,1320000,,,ACTIVE,213
420,2023-11-18 15:43:48,2023-12-29 02:18:03,,,Lốc,HBM7+NBM656-1,50,5500,275000,,,ACTIVE,214
421,2023-11-18 15:43:48,2023-12-29 02:18:03,,,Thùng,HBM7+NBM656-2,500,4200,2100000,,,ACTIVE,214
422,2023-11-18 15:43:48,2023-12-29 02:18:03,,,Lốc,HBM2N7+NBM325-1,50,5500,275000,,,ACTIVE,215
423,2023-11-18 15:43:48,2023-12-29 02:18:03,,,Thùng,HBM2N7+NBM325-2,500,4200,2100000,,,ACTIVE,215
424,2023-11-18 15:43:48,2023-12-29 02:18:03,,,Lốc,HBM7+NP279-1,50,4680,234000,,,ACTIVE,216
425,2023-11-18 15:43:48,2023-12-29 02:18:03,,,Thùng,HBM7+NP279-2,500,3600,1800000,,,ACTIVE,216
426,2023-11-18 15:43:48,2023-12-29 02:18:03,,,Lốc,HBM1+NP402-1,50,5500,275000,,,ACTIVE,217
427,2023-11-18 15:43:48,2023-12-29 02:18:03,,,Thùng,HBM1+NP402-2,300,4500,1350000,,,ACTIVE,217
428,2023-11-18 15:43:48,2023-12-29 02:18:03,,,Lốc,HBM4N2796-1,50,7410,370500,,,ACTIVE,218
429,2023-11-18 15:43:48,2023-12-29 02:18:03,,,Thùng,HBM4N2796-2,200,6000,1200000,,,ACTIVE,218
430,2023-11-18 15:43:48,2023-12-29 02:18:03,,,Lốc,TGBMQ7205-1,500,455,227500,,,ACTIVE,219
431,2023-11-18 15:43:48,2023-12-29 02:18:03,,,Kiện,TGBMQ7205-2,2500,350,875000,,,ACTIVE,219
432,2023-11-18 15:43:48,2023-12-29 02:18:03,,,Lốc,TGBMR741-1,200,410,82000,,,ACTIVE,220
433,2023-11-18 15:43:48,2023-12-29 02:18:03,,,Kiện,TGBMR741-2,2500,310,775000,,,ACTIVE,220
434,2023-11-18 15:43:48,2023-12-29 02:18:03,,,Lốc,TGKBMR238-1,100,480,48000,,,ACTIVE,221
435,2023-11-18 15:43:48,2023-12-29 02:18:03,,,Kiện,TGKBMR238-2,2500,370,925000,,,ACTIVE,221
436,2023-11-18 15:43:48,2023-12-29 02:18:03,,,Lốc,TGKBMR-CS342-1,100,806,80600,,,ACTIVE,222
437,2023-11-18 15:43:48,2023-12-29 02:18:03,,,Kiện,TGKBMR-CS342-2,2500,620,1550000,,,ACTIVE,222
438,2023-11-18 15:43:48,2023-12-29 02:18:03,,,Lốc,TGKBR425-1,100,660,66000,,,ACTIVE,223
439,2023-11-18 15:43:48,2023-12-29 02:18:03,,,Kiện,TGKBR425-2,2500,510,1275000,,,ACTIVE,223
440,2023-11-18 15:43:48,2023-12-29 02:18:03,,,Lốc,TGKN2KQ529-1,50,2200,110000,,,ACTIVE,224
441,2023-11-18 15:43:48,2023-12-29 02:18:03,,,Thùng,TGKN2KQ529-2,550,1800,990000,,,ACTIVE,224
442,2023-11-18 15:43:48,2023-12-29 02:18:03,,,Lốc,TGKN2KQ101-1,50,2700,135000,,,ACTIVE,225
443,2023-11-18 15:43:48,2023-12-29 02:18:03,,,Thùng,TGKN2KQ101-2,600,2100,1260000,,,ACTIVE,225
444,2023-11-18 15:43:48,2023-12-29 02:18:03,,,Lốc,TGKN2KQ756-1,50,2500,125000,,,ACTIVE,226
445,2023-11-18 15:43:48,2023-12-29 02:18:03,,,Thùng,TGKN2KQ756-2,450,2000,900000,,,ACTIVE,226
446,2023-11-18 15:43:48,2023-12-29 02:18:03,,,Lốc,TGKR435-1,50,3450,172500,,,ACTIVE,227
447,2023-11-18 15:43:48,2023-12-29 02:18:03,,,Kiện,TGKR435-2,500,2650,1325000,,,ACTIVE,227
448,2023-11-18 15:43:48,2023-12-29 02:18:03,,,Lốc,TGKR607-1,50,3600,180000,,,ACTIVE,228
449,2023-11-18 15:43:48,2023-12-29 02:18:03,,,Kiện,TGKR607-2,500,2750,1375000,,,ACTIVE,228
450,2023-11-18 15:43:48,2023-12-29 02:18:03,,,Lốc,TGKR707-1,50,4550,227500,,,ACTIVE,229
451,2023-11-18 15:43:48,2023-12-29 02:18:03,,,Kiện,TGKR707-2,500,3500,1750000,,,ACTIVE,229
452,2023-11-18 15:43:48,2023-12-29 02:18:03,,,Lốc,TGKR879-1,50,4550,227500,,,ACTIVE,230
453,2023-11-18 15:43:48,2023-12-29 02:18:03,,,Kiện,TGKR879-2,500,3500,1750000,,,ACTIVE,230
454,2023-11-18 15:43:48,2023-12-29 02:18:03,,,Lốc,TGKR234-1,50,4800,240000,,,ACTIVE,231
455,2023-11-18 15:43:48,2023-12-29 02:18:03,,,Kiện,TGKR234-2,500,3700,1850000,,,ACTIVE,231
456,2023-11-18 15:43:48,2023-12-29 02:18:03,,,Lốc,TGKR493-1,50,4950,247500,,,ACTIVE,232
457,2023-11-18 15:43:48,2023-12-29 02:18:03,,,Kiện,TGKR493-2,500,3800,1900000,,,ACTIVE,232
458,2023-11-18 15:43:48,2023-12-29 02:18:03,,,Lốc,TGKR378-1,50,5850,292500,,,ACTIVE,233
459,2023-11-18 15:43:48,2023-12-29 02:18:03,,,Kiện,TGKR378-2,500,4500,2250000,,,ACTIVE,233
